{"cameraMode":{"drawMode":0,"name":"Shaded","section":"Shading Mode"},"sceneLighting":true,"audioPlay":false,"sceneViewState":{"showFog":true,"showMaterialUpdate":false,"showSkybox":true,"showFlares":true,"showImageEffects":true,"showParticleSystems":true},"in2DMode":false,"pivot":{"x":0.0,"y":1.5910000801086426,"z":0.04900002479553223},"rotation":{"x":-0.0706050843000412,"y":-0.9292391538619995,"z":0.24700585007667542,"w":-0.2655878961086273},"size":3.299999713897705,"orthographic":false}